{
  "hash": "b5a94d8e",
  "configHash": "d9da25fe",
  "lockfileHash": "2d7e305a",
  "browserHash": "d61bdb37",
  "optimized": {
    "@angular/common": {
      "src": "../../../../../node_modules/@angular/common/fesm2022/common.mjs",
      "file": "@angular_common.js",
      "fileHash": "06e2cecd",
      "needsInterop": false
    },
    "@angular/common/http": {
      "src": "../../../../../node_modules/@angular/common/fesm2022/http.mjs",
      "file": "@angular_common_http.js",
      "fileHash": "1fe8fb33",
      "needsInterop": false
    },
    "@angular/core": {
      "src": "../../../../../node_modules/@angular/core/fesm2022/core.mjs",
      "file": "@angular_core.js",
      "fileHash": "75390cef",
      "needsInterop": false
    },
    "@angular/platform-browser": {
      "src": "../../../../../node_modules/@angular/platform-browser/fesm2022/platform-browser.mjs",
      "file": "@angular_platform-browser.js",
      "fileHash": "7dce8f29",
      "needsInterop": false
    },
    "@angular/router": {
      "src": "../../../../../node_modules/@angular/router/fesm2022/router.mjs",
      "file": "@angular_router.js",
      "fileHash": "a88bfe82",
      "needsInterop": false
    },
    "rxjs/operators": {
      "src": "../../../../../node_modules/rxjs/dist/esm5/operators/index.js",
      "file": "rxjs_operators.js",
      "fileHash": "247b2a5d",
      "needsInterop": false
    }
  },
  "chunks": {
    "chunk-4XZOYFVI": {
      "file": "chunk-4XZOYFVI.js"
    },
    "chunk-HZJC2BTZ": {
      "file": "chunk-HZJC2BTZ.js"
    },
    "chunk-YSQ2QFTH": {
      "file": "chunk-YSQ2QFTH.js"
    },
    "chunk-C7CCD5ZC": {
      "file": "chunk-C7CCD5ZC.js"
    },
    "chunk-TK7SJEKE": {
      "file": "chunk-TK7SJEKE.js"
    }
  }
}